precision,recall,f1-score,support
0.9189944134078212,0.9426934097421203,0.9306930693069307,349.0
0.5238095238095238,0.43137254901960786,0.4731182795698925,51.0
0.8775,0.8775,0.8775,0.8775
0.7214019686086726,0.687032979380864,0.7019056744384116,400.0
0.8686083399840383,0.8775,0.8723522836154584,400.0
